,red,green,blue,hue,saturation,value,l,a,b
lucas,0.239,0.233,0.192,0.299,0.003,0.239,0.245,0.051,0.247
raca,0.218,0.233,0.213,0.099,0.02,0.218,0.235,0.01,0.172
ossl,0.195,0.194,0.159,0.075,0.001,0.195,0.206,0.012,0.157
mean,0.2173333333333333,0.22,0.18800000000000003,0.15766666666666668,0.008,0.2173333333333333,0.22866666666666666,0.024333333333333332,0.19199999999999998
